customer_id,first_name,last_name,email,city,country
C0001,Eduardo,Bowman,catherineray@kaiser-grant.net,West Kelly,Congo
C0002,John,Roy,garciathomas@mitchell.com,Michaelborough,Macedonia
C0003,Howard,Carson,michelle36@yahoo.com,Rodriguezton,Ethiopia
C0004,Cynthia,Kirk,dianegoodman@hotmail.com,Brooksbury,Croatia
C0005,Vincent,Calderon,frusso@gmail.com,Moniqueberg,Cambodia
C0006,James,Coleman,christopher80@kramer.biz,New Larry,San Marino
C0007,Fernando,Contreras,tallen@frye.com,Nelsonstad,Ethiopia
C0008,Heather,Hoffman,seanwarren@gmail.com,Josephhaven,Turkmenistan
C0009,Eric,Barker,ryan33@yahoo.com,South Cristianchester,Morocco
C0010,Hannah,Scott,andresmiller@hotmail.com,Johnsonville,New Zealand
C0011,Brian,Bauer,kellymolly@hotmail.com,Brownside,Saint Helena
C0012,Chad,Logan,eileen53@hotmail.com,East Michael,Mauritania
C0013,Erica,Peters,laura61@barajas.net,West Henry,Benin
C0014,David,Webster,amy80@yahoo.com,Kelleyton,Mauritius
C0015,Edward,Jones,ramseyanne@wong.com,North James,Uzbekistan
C0016,Douglas,Stuart,reyespaul@richardson.org,Lake Brandon,Venezuela
C0017,Frank,Schultz,ramirezdavid@hotmail.com,Timothyside,Greenland
C0018,Mary,Odonnell,rossmark@griffin.com,Benjaminburgh,Spain
C0019,Joshua,Dalton,gonzalezdestiny@phillips-lawson.info,West Richardchester,Syrian Arab Republic
C0020,Hannah,Robinson,qcampbell@brown.net,Port Amandatown,Kazakhstan
C0021,Juan,Mercado,johndavis@hotmail.com,East Julie,Panama
C0022,Tara,Baker,pjohnston@lane.com,Montoyachester,Sao Tome and Principe
C0023,Jacqueline,Young,elizabethjones@mejia-keith.info,Lake Paula,Philippines
C0024,James,Williams,browndavid@simpson-livingston.com,Chrischester,Chad
C0025,Mark,Williams,theresadelgado@clark.info,Port Elizabeth,Svalbard & Jan Mayen Islands
C0026,Trevor,Sanders,barbararice@gmail.com,North Josephfurt,Poland
C0027,Patricia,Randall,lorihayes@hotmail.com,North Danielland,Faroe Islands
C0028,James,Myers,icochran@hotmail.com,Weaverside,Tonga
C0029,Sean,Middleton,nhoffman@moore-lambert.com,Dawnfort,Central African Republic
C0030,Tracy,Jones,leahphillips@gmail.com,Hurstmouth,Mozambique
C0031,Patricia,Moran,simonjames@gmail.com,Dominicshire,Papua New Guinea
C0032,James,Cunningham,scottmurphy@hotmail.com,Lake Scottfort,United States of America
C0033,Jorge,Gonzalez,franklittle@delgado-berry.com,West Adamberg,Vanuatu
C0034,Denise,Hill,kellydonna@yahoo.com,South Brianborough,Italy
C0035,Jesse,Logan,murphyemily@yahoo.com,Lindaborough,Samoa
C0036,Kristi,Campbell,leahrichardson@yahoo.com,West Barbaraland,South Georgia and the South Sandwich Islands
C0037,Zachary,Nelson,kathy28@yahoo.com,North Scott,Angola
C0038,Jason,Page,carolyntorres@jones-sanders.com,East Robert,Switzerland
C0039,Denise,Villarreal,bgreene@grant.org,South Annestad,Cote d'Ivoire
C0040,Sabrina,Page,darylfrazier@gmail.com,South Deborah,Suriname
C0041,Lisa,Morgan,lbray@hotmail.com,West Rogerburgh,Saint Helena
C0042,Amy,Conway,smithsophia@henry-smith.com,New Barbaraport,Suriname
C0043,Heather,Floyd,stevendiaz@yahoo.com,Bakerview,United Kingdom
C0044,Susan,Peterson,reedrussell@gmail.com,Harrishaven,Russian Federation
C0045,Charles,Ibarra,thomaschang@gmail.com,New Ariel,Czech Republic
C0046,Stephanie,Chambers,hjones@hotmail.com,South Amanda,Israel
C0047,Ronald,Bishop,ajones@hotmail.com,Meganshire,Croatia
C0048,Seth,Lewis,david95@wood.com,Lake George,Portugal
C0049,Eric,Fox,pamela46@garcia.biz,Stephanieton,Malta
C0050,Joel,Garner,eflores@wolfe-schmitt.com,Wrightbury,Wallis and Futuna
C0051,April,Alexander,freyjohn@obrien.net,East Patrickberg,Nepal
C0052,Melissa,Huynh,stephen85@yahoo.com,Cynthiahaven,Honduras
C0053,Daniel,Nichols,bdavidson@walton.biz,North Holly,French Southern Territories
C0054,David,Sullivan,rebecca87@gmail.com,South Katherinefurt,Liberia
C0055,Manuel,Perez,annacalderon@thomas.com,Youngside,Bhutan
C0056,Calvin,Freeman,daytina@howe.org,West Lori,Vanuatu
C0057,Elizabeth,Rodgers,evansryan@yahoo.com,Douglasbury,Liechtenstein
C0058,Vanessa,Robinson,johnsonchristopher@hicks-williams.com,East Lauren,Saint Helena
C0059,Stephanie,Wood,arnoldkevin@gray.info,Smithbury,Burundi
C0060,Tony,Stark,sanchezdaniel@gmail.com,Powellborough,South Georgia and the South Sandwich Islands
C0061,Jim,Kramer,egross@gmail.com,Cummingsberg,Eritrea
C0062,Nancy,Mitchell,fpaul@gmail.com,Port Valerie,Northern Mariana Islands
C0063,Sheryl,Dodson,agriffith@garcia.com,East Timothyside,Antarctica (the territory South of 60 deg S)
C0064,Cassandra,Holland,jillian96@yahoo.com,Hernandezhaven,Bermuda
C0065,John,Ferguson,bparker@johnson.com,Zacharyburgh,Brunei Darussalam
C0066,Ryan,Beard,pamela39@hotmail.com,South Dwayne,Bhutan
C0067,Eric,Bass,calebphillips@smith.info,Danielburgh,Switzerland
C0068,Jamie,Maddox,garrettdeborah@wilson.com,Marshallshire,Estonia
C0069,Kristen,Robinson,elizabethmathis@patterson-flores.biz,Greggberg,Cuba
C0070,Gregory,Cooper,roberto25@stewart.com,Hawkinsfort,Comoros
C0071,Kathleen,Price,carolpham@hotmail.com,Jasonbury,Faroe Islands
C0072,Anthony,Kim,paceashley@jimenez.biz,East Dennis,Comoros
C0073,Amanda,Peterson,nancy53@ford.com,Christinefort,Hong Kong
C0074,Timothy,Butler,robertclark@brady.biz,West Shannon,Eritrea
C0075,Kimberly,Walsh,nicolewong@yahoo.com,Parkershire,Guam
C0076,Robert,Bush,manningmary@hotmail.com,Joshuafurt,Uzbekistan
C0077,Alexis,Potter,davisellen@gmail.com,South Kayleeburgh,Seychelles
C0078,Cheyenne,Anderson,fernandosanford@burke-flores.info,East Timothy,Northern Mariana Islands
C0079,Alexandria,Banks,coxjennifer@dennis.com,Port Jamesmouth,Reunion
C0080,William,Lopez,uwilson@davis.com,Port Rhonda,Jersey
C0081,Michelle,Martin,ian66@aguirre.com,Lake Rogermouth,Cambodia
C0082,Melanie,Jefferson,amanda84@flores-nichols.org,Kristenville,Colombia
C0083,Sarah,Larsen,yschultz@hotmail.com,Lake Kristenborough,Libyan Arab Jamahiriya
C0084,April,Williams,gordonturner@yahoo.com,Rachelshire,Netherlands Antilles
C0085,James,Russell,yferguson@berry.com,North Alan,Cook Islands
C0086,Adriana,Davis,ellislori@marquez.com,Port Davidmouth,Romania
C0087,Timothy,Mcpherson,megan03@gmail.com,South David,Algeria
C0088,Maria,Adams,oliverphyllis@gmail.com,West Joanna,Malaysia
C0089,Jody,Jones,david96@yahoo.com,Suttonfurt,Turkey
C0090,Jacqueline,Bell,edwardlowe@wiggins.com,Bradleyburgh,Italy
C0091,Abigail,Massey,george17@ramirez.com,North Briannafort,Norway
C0092,Amy,Holden,aroberts@gmail.com,East Ronnie,French Polynesia
C0093,Heather,Estrada,williamssavannah@tapia.info,Angelaville,Samoa
C0094,Sandra,Edwards,djoseph@gmail.com,Diazfort,Russian Federation
C0095,Albert,Perkins,russell29@yahoo.com,South Holly,Portugal
C0096,Anthony,Adams,susan66@yahoo.com,Michaelberg,China
C0097,Richard,Zamora,whitneydominguez@hotmail.com,Edwardfurt,Japan
C0098,Gregory,Murray,cisneroschristopher@gibbs.com,Jennifertown,Finland
C0099,Barbara,Moore,ggolden@hotmail.com,North Aprilmouth,French Guiana
C0100,Betty,Nguyen,jonathanmurray@williams.com,Smithville,Singapore
C0101,Teresa,Brock,melvinjacobson@flores.com,Haleyport,Saudi Arabia
C0102,Jessica,Wilson,smithgrant@hotmail.com,New Stanleyshire,South Georgia and the South Sandwich Islands
C0103,Kevin,Wilson,emayo@hotmail.com,Laurenside,Guatemala
C0104,Christina,Carey,jeffreyhunter@barrett.com,East Bradleyshire,Ireland
C0105,Richard,Lopez,sandovalmargaret@cherry.com,North Ianborough,Botswana
C0106,Grace,Thompson,vholmes@meyer.net,Samanthaview,Burkina Faso
C0107,Caitlin,Miles,travis02@hotmail.com,Joshuamouth,Denmark
C0108,Hunter,Hughes,brittneyfoley@hotmail.com,Susanmouth,Albania
C0109,Benjamin,Vasquez,daniel82@gmail.com,Lovefort,Belize
C0110,James,Gonzalez,jlee@gmail.com,Matthewmouth,Montserrat
C0111,Jack,Thomas,michaelhughes@brown-reynolds.biz,Alexiston,Central African Republic
C0112,Megan,Ford,deborah96@gmail.com,South Hannahbury,Hong Kong
C0113,Jason,Carpenter,tmoran@simpson.com,Nicoleville,Tuvalu
C0114,April,Hall,hammondkimberly@ortiz.net,Audreybury,Guinea-Bissau
C0115,Arthur,Taylor,ryanallen@zimmerman.com,West Marie,Ukraine
C0116,Terrence,Braun,chanbethany@rivera-turner.com,Owenburgh,Latvia
C0117,Matthew,Koch,oscarmartinez@benitez-mason.com,Villafort,Hungary
C0118,John,Smith,douglasjoe@yahoo.com,Andrewville,Qatar
C0119,Amy,Smith,olivia34@yahoo.com,East Cliffordborough,Vanuatu
C0120,Diane,Hill,james56@yahoo.com,New Christinehaven,South Georgia and the South Sandwich Islands
C0121,Vanessa,Jones,faith65@wilkinson.net,Burnsport,Vanuatu
C0122,David,Calderon,christopher78@yahoo.com,Grimesstad,Eritrea
C0123,Jeffrey,Patterson,dickersonnicole@yahoo.com,East Matthew,Haiti
C0124,Brent,Roy,johnsonjoe@hotmail.com,South Kelly,United States Minor Outlying Islands
C0125,Christy,Walker,burkekimberly@weber-fischer.net,Oliverborough,Cote d'Ivoire
C0126,Diane,White,davidpatton@martin-rogers.org,North Bryan,Georgia
C0127,Lisa,Herring,alison22@thomas.net,West Troy,Tokelau
C0128,Michelle,Vargas,whall@guzman.com,Lake Joshua,Kyrgyz Republic
C0129,Shawn,Jones,shawnsmith@gmail.com,Port Victorialand,Greenland
C0130,Mariah,Oneal,randymarquez@vasquez.com,West Heatherbury,Swaziland
C0131,Richard,Johnson,ojones@marks-howard.com,Johnsonburgh,Isle of Man
C0132,Kimberly,Brown,stewartkayla@robbins.net,Gibsonmouth,Heard Island and McDonald Islands
C0133,Adam,Johnson,emartinez@wolf.net,Nicolehaven,Guernsey
C0134,Cameron,Simpson,davidcoleman@dunn-evans.com,Lake Huntertown,Saint Kitts and Nevis
C0135,Nicholas,Pittman,samuelglover@gmail.com,Port Mistyshire,French Guiana
C0136,William,Mcgee,pettyleslie@yahoo.com,Bryanville,Saint Lucia
C0137,Aaron,Anderson,ehall@patel.com,North Jennifertown,Equatorial Guinea
C0138,Michael,Norton,michelle18@allison-hanson.com,Wrightport,Falkland Islands (Malvinas)
C0139,David,Pena,qmoore@yahoo.com,New Tyler,Benin
C0140,Brandy,Lewis,danieltara@crawford-townsend.com,Guzmanhaven,Mauritius
C0141,George,Watts,nfigueroa@reyes.com,East Christopherview,Somalia
C0142,Eugene,Vasquez,tiffany99@hotmail.com,Robertchester,Cocos (Keeling) Islands
C0143,Anthony,Ellis,wucharles@ho.info,North Savannah,Venezuela
C0144,Antonio,Cole,deancheryl@gmail.com,Williamfurt,Jamaica
C0145,Alexander,Harmon,bcoleman@yahoo.com,South Jessica,Liberia
C0146,Alfred,Leon,ydelgado@gmail.com,Jacquelinestad,Korea
C0147,Paul,Trevino,cookheather@hotmail.com,Fisherborough,Christmas Island
C0148,Jessica,Mcconnell,zmartinez@gmail.com,Kaiserville,Niger
C0149,Shelby,Allen,websterbarry@hotmail.com,North Jennifer,United Arab Emirates
C0150,Melissa,English,fdavis@gmail.com,South David,Luxembourg
C0151,Jessica,Wagner,patrick82@skinner.net,Sabrinaberg,Anguilla
C0152,Wanda,Rivera,william58@gmail.com,Michelleport,Saint Helena
C0153,Erica,Jackson,michaelhoward@miller-graham.com,West Stephen,China
C0154,Alan,Turner,wlindsey@jacobson.com,South Annaton,Bhutan
C0155,Bradley,Morgan,wilsontanya@hotmail.com,Lake Lindsey,United States Minor Outlying Islands
C0156,William,Bailey,george75@gaines.net,East William,Korea
C0157,Angela,Mcguire,david77@hamilton.com,Cookstad,United States Virgin Islands
C0158,Cynthia,Soto,martincruz@flores.com,Turnerbury,Andorra
C0159,Kenneth,Clark,lauramaldonado@gmail.com,Port Johnside,China
C0160,Christopher,Torres,rhodesnathaniel@hotmail.com,Petersonhaven,Namibia
C0161,Brandy,Miller,muellerronnie@gmail.com,Rileyton,Guinea
C0162,Travis,Brock,andrea31@gmail.com,Michelleburgh,Bolivia
C0163,Rhonda,Cochran,matthew46@yahoo.com,Rogersberg,Nigeria
C0164,John,Johnson,denise43@gmail.com,Codytown,Turkey
C0165,Anna,Collier,brittanybrown@yahoo.com,West Kathryn,Armenia
C0166,John,George,christinegilbert@taylor.org,Jonesfurt,Brunei Darussalam
C0167,David,Morris,martinezjohn@hotmail.com,Katelynfort,Heard Island and McDonald Islands
C0168,Connie,Andrews,jenniferdiaz@arellano-andrews.com,Aaronfurt,Tuvalu
C0169,Tyler,Jarvis,robersontimothy@gmail.com,Davidside,Lao People's Democratic Republic
C0170,Joseph,Taylor,palmergloria@carlson.com,Karentown,Gibraltar
C0171,Jennifer,Dickson,debbielawson@reed.com,New Carlos,Cote d'Ivoire
C0172,Erin,Cummings,cameronemily@shaffer.net,Chapmanmouth,Bouvet Island (Bouvetoya)
C0173,Mary,Richards,arnoldrobert@yahoo.com,East Lisatown,Colombia
C0174,Sarah,Mathis,jacobskelly@gmail.com,Hinesbury,Guernsey
C0175,David,Scott,charles70@ramos-sawyer.net,North Kathleenton,Tuvalu
C0176,Robert,Morris,stewartmelissa@compton.info,New Robertmouth,Antigua and Barbuda
C0177,Wendy,Ward,kevinlucas@yahoo.com,Snowfort,Fiji
C0178,Charles,Mitchell,stephen48@scott.com,East Jeanneview,Denmark
C0179,Julian,Hobbs,ramirezlatoya@gmail.com,Dawnburgh,Cocos (Keeling) Islands
C0180,Katie,White,madelinebrewer@gmail.com,East Andrea,Niue
C0181,Lori,Hudson,bgoodwin@rhodes.biz,New Cheyenne,French Southern Territories
C0182,Jessica,Welch,pughkelly@hotmail.com,Heathershire,Monaco
C0183,Carmen,Weiss,anthony57@hotmail.com,Penabury,Guatemala
C0184,Tonya,Bryant,susanchurch@dudley.com,Amandaton,Spain
C0185,Rachel,Franco,lweeks@gmail.com,Port Travismouth,Costa Rica
C0186,Jordan,Ward,chaseandre@hotmail.com,Lake Ericchester,Romania
C0187,Scott,Rasmussen,margaretthompson@richardson-hall.com,West Steven,Austria
C0188,Alexandra,James,karenfowler@collins.net,North Alice,Puerto Rico
C0189,Adrienne,Wall,mendezsteven@gmail.com,North Gina,Lao People's Democratic Republic
C0190,Phyllis,Kemp,lindasnyder@gmail.com,Port Adrian,Norfolk Island
C0191,Patricia,Harris,jacquelinewhite@yahoo.com,Michelleborough,Chile
C0192,Rhonda,Roy,nicolebrown@jackson-davis.com,Gavinmouth,Northern Mariana Islands
C0193,John,Greene,sparsons@alvarado.info,East Janet,Burkina Faso
C0194,Kristi,Parker,hurleyholly@yahoo.com,Lake Courtney,Guinea
C0195,Erin,Cunningham,donald90@yahoo.com,Anthonybury,Malaysia
C0196,Jill,Shields,mknight@wood.net,Barneshaven,Macao
C0197,William,Young,adam90@gmail.com,New Jasonfurt,Vanuatu
C0198,Ashley,Tucker,elijahjones@yahoo.com,Lake Jeremy,Greece
C0199,Michelle,Diaz,catherineroy@hotmail.com,North Allenberg,Guinea-Bissau
C0200,John,Thomas,ravila@hotmail.com,Jimmymouth,Estonia
C0201,Ronald,Vasquez,smithjeffrey@shelton-taylor.com,East Jacobborough,Bouvet Island (Bouvetoya)
C0202,Susan,Ross,chopkins@perkins.com,Jacquelinemouth,Sri Lanka
C0203,Aaron,Lara,gardnersamuel@holden-kirk.com,Suzannefort,Cayman Islands
C0204,Donald,Wright,stephaniechen@hotmail.com,East Rachel,Antigua and Barbuda
C0205,Eric,Shaw,hcastillo@gmail.com,Phillipsmouth,Senegal
C0206,Susan,Weaver,owilkerson@yahoo.com,Yatesfort,Ghana
C0207,Toni,Flores,soconnor@gmail.com,Port Leon,Sudan
C0208,Cynthia,Anderson,djackson@yahoo.com,East Deannaville,Chad
C0209,Elizabeth,Lopez,derek11@stewart-pope.com,Port Brenda,Lesotho
C0210,Eric,Calhoun,ffrey@barnett-jimenez.biz,East Donnabury,Tanzania
C0211,Rachel,Collins,echapman@martinez.com,South Tina,Heard Island and McDonald Islands
C0212,Jennifer,Moore,dcarroll@guerra.com,Bradleystad,Guernsey
C0213,Andrea,Tucker,stacystark@phelps.com,South Michaelville,Macao
C0214,Vanessa,Hill,gonzalesdonald@gomez.com,North Paulberg,Samoa
C0215,Dave,Pineda,katherine92@henderson-parker.info,New Sherryport,Switzerland
C0216,Ryan,Moreno,jsharp@gmail.com,East Rodney,Turkey
C0217,Carol,Brady,janetadams@yahoo.com,Carlosburgh,Denmark
C0218,Gary,Pitts,jnelson@gmail.com,Port Karaside,Lao People's Democratic Republic
C0219,Mary,Wood,obartlett@hotmail.com,Melissaton,Congo
C0220,Matthew,Tyler,douglaswarren@yang.info,Andersonborough,Poland
C0221,John,York,edward15@hotmail.com,Callahanbury,Burkina Faso
C0222,Tyrone,Beasley,rperkins@yahoo.com,Jacksonland,Antarctica (the territory South of 60 deg S)
C0223,Jason,Johnson,eileensmith@walters.info,East Katieside,Belgium
C0224,Elizabeth,Mack,stoneroberta@simpson.info,Millsville,Benin
C0225,Pamela,Berger,brittanypayne@bird.org,Loriborough,Palestinian Territory
C0226,Nathan,Callahan,jacquelinepruitt@gmail.com,Powellmouth,Anguilla
C0227,Erica,Jenkins,chaddixon@schmidt-kelley.org,Charlesport,Congo
C0228,Karen,Kim,lgordon@chung-harris.info,Veronicaview,Guadeloupe
C0229,Frederick,Jones,stevenrose@moody.info,North Samanthatown,Venezuela
C0230,Wayne,Clarke,flemingjoel@yahoo.com,Baileyhaven,Chad
C0231,Connie,Martin,sheila23@miller.com,West Marytown,Liberia
C0232,Erica,Palmer,hparsons@gmail.com,New Valerie,Canada
C0233,Paul,Davis,sjohnson@adams-peters.org,Carlosstad,Antarctica (the territory South of 60 deg S)
C0234,Judy,Oneill,uparker@gmail.com,West Jamesbury,Namibia
C0235,Carlos,Hines,steinmelissa@hotmail.com,Johnbury,Seychelles
C0236,Angela,Keith,hughesshannon@cole.biz,Kennedymouth,Heard Island and McDonald Islands
C0237,Stephanie,Duke,jameshaley@ellison.com,North Justin,Tunisia
C0238,Sharon,Mejia,darrellwright@gmail.com,East Marioside,Suriname
C0239,Joseph,Hancock,amberkim@rodriguez-ramirez.net,West Laura,Panama
C0240,Leslie,Ellison,gfisher@perez-marshall.com,Robertview,Panama
C0241,Daniel,Cardenas,joseph62@gmail.com,Shanehaven,Saint Martin
C0242,Shane,George,qmartin@hotmail.com,Emilyport,Barbados
C0243,Matthew,Cox,jacobavila@hotmail.com,Wilsonside,Botswana
C0244,John,Brown,stephen04@yahoo.com,East Joshuatown,Spain
C0245,Kristen,Long,cruzelizabeth@brewer.net,Port Joseph,Honduras
C0246,Jennifer,Mccall,iramos@hotmail.com,Atkinsonfurt,Antarctica (the territory South of 60 deg S)
C0247,Jeremy,Smith,chamberskaren@fitzgerald-taylor.com,South Amandashire,Uganda
C0248,Autumn,Dominguez,maddoxraymond@hotmail.com,East Patricia,Mali
C0249,Amber,Wang,maryjennings@clark-smith.net,Port Xavier,Tajikistan
C0250,Jay,Ellison,hriley@hotmail.com,Barneschester,Bahrain
C0251,Elizabeth,Molina,schultzaaron@mason-reese.com,Pamelabury,Zimbabwe
C0252,Rachel,Palmer,oduarte@shah-payne.biz,Fraziertown,Albania
C0253,Rodney,Moore,julie98@harmon-ramirez.com,Abigailshire,Macedonia
C0254,Robert,Juarez,colin27@gmail.com,New Sherryfort,Saint Pierre and Miquelon
C0255,Andrew,Howard,ambergonzales@hotmail.com,Hintonfort,Nicaragua
C0256,James,Beasley,williamsalinas@yahoo.com,Kellyside,Pitcairn Islands
C0257,Elizabeth,Jackson,parkermichael@coleman-farmer.com,Spencerbury,Tunisia
C0258,Chase,Ward,jonesstephen@hotmail.com,Davisshire,Andorra
C0259,Michaela,Sullivan,jjohnson@yahoo.com,Lake Zacharyfurt,Finland
C0260,Luke,Skinner,huffjennifer@yahoo.com,Connieton,Samoa
C0261,Stephen,Zamora,ecox@morgan.com,Williamtown,Senegal
C0262,William,Juarez,ijohnson@hotmail.com,Danatown,Burundi
C0263,Susan,Campbell,floreschristine@gmail.com,Bellport,Iran
C0264,Amy,Lester,fberg@yahoo.com,Virginiaside,Fiji
C0265,Matthew,Chandler,moralesmarc@gmail.com,Natalietown,Congo
C0266,Matthew,Harrison,nicholssteven@davis.com,Gilbertchester,Saint Kitts and Nevis
C0267,Ryan,Norris,catherine91@rojas-trujillo.com,Ericashire,Ghana
C0268,Desiree,Dyer,brookelee@gmail.com,Ryanport,Madagascar
C0269,Alexander,Smith,timothyrhodes@carrillo.info,New Alexishaven,Taiwan
C0270,Kimberly,Robinson,alexander85@yahoo.com,West Brittanyland,Mozambique
C0271,Michael,Bullock,mccallkathleen@yahoo.com,Elizabethmouth,Germany
C0272,Matthew,Parker,robertpatel@jackson.com,West Kevinbury,Saint Pierre and Miquelon
C0273,Carlos,Sanchez,vazquezjoe@coleman-mcneil.org,Lake Lori,Hong Kong
C0274,William,Jones,gonzalezdakota@barnes.net,West Sharonview,Zimbabwe
C0275,Jennifer,Buchanan,wilsondawn@yahoo.com,Brookefurt,Austria
C0276,Robert,Mcclain,kduncan@gmail.com,West Michaelburgh,Iceland
C0277,Ann,Graham,pchambers@martinez.net,West Williammouth,Mauritania
C0278,Casey,Figueroa,christinemurray@yahoo.com,Robertville,Anguilla
C0279,Jason,Williams,alexander28@gmail.com,Scotthaven,South Georgia and the South Sandwich Islands
C0280,Melissa,Carter,amydominguez@yahoo.com,Lake James,Denmark
C0281,Elizabeth,Peters,timothy64@gmail.com,Boydchester,South Georgia and the South Sandwich Islands
C0282,William,Sanchez,michelle48@carter.com,East Amandastad,Saint Lucia
C0283,Gary,Young,oyates@cunningham.com,Ianhaven,New Zealand
C0284,Nicholas,Chavez,megan77@yahoo.com,Kristinaport,France
C0285,Gary,Nelson,iallen@harris.info,New Jillstad,British Indian Ocean Territory (Chagos Archipelago)
C0286,Jonathan,Dunlap,mcdonaldmarco@gmail.com,New Robert,Saint Lucia
C0287,Edward,Turner,thorntonwhitney@yahoo.com,Robertsberg,Kazakhstan
C0288,Megan,Ponce,lori28@hotmail.com,South Barbara,Azerbaijan
C0289,Michael,Espinoza,ystewart@gmail.com,Anthonyport,Puerto Rico
C0290,Frederick,Harper,jeremymanning@gmail.com,Port Jennifer,Paraguay
C0291,Morgan,Pitts,nknight@jimenez.net,South Jennifer,Solomon Islands
C0292,Evan,Jones,john13@gmail.com,Christopherview,Libyan Arab Jamahiriya
C0293,Leslie,Joyce,matthewatkins@hawkins.org,Wilsonfurt,Solomon Islands
C0294,Harold,Ryan,karenrobinson@yahoo.com,Masseyview,Thailand
C0295,Thomas,Lewis,townsendhaley@kelley.biz,North Ericchester,Barbados
C0296,Daniel,Coffey,taylorjohn@yahoo.com,Nicholsstad,Lesotho
C0297,Amber,Tucker,jward@gmail.com,Roweborough,Turkmenistan
C0298,Sherri,Martinez,uyork@yahoo.com,Port Teresa,Oman
C0299,Christina,Gomez,nicholasortiz@yahoo.com,North Tanya,Sudan
C0300,Emma,Joseph,sharihunt@morgan.com,South Peggy,Guinea
C0301,Ryan,Lam,hartmanyolanda@lewis.com,Lake Maria,Singapore
C0302,Erica,Austin,fisherdavid@hotmail.com,East Sarah,Austria
C0303,Shawn,Mckenzie,thomas83@williams.net,Port Joseph,Egypt
C0304,Gary,Dougherty,paul36@hamilton-waller.com,Rowlandview,Nicaragua
C0305,David,Jackson,cruzfrancisco@salazar.com,East Meganville,Monaco
C0306,Rachel,Harris,hstewart@jones.com,Nathanburgh,Uganda
C0307,Judy,Bell,gina39@yahoo.com,Christopherberg,Holy See (Vatican City State)
C0308,Olivia,Deleon,garnereric@smith-anthony.com,New Robert,Ecuador
C0309,Brett,Lee,tuckerdavid@hotmail.com,Carmenburgh,Guinea
C0310,Angela,Gibson,jessica05@gmail.com,East April,Togo
C0311,Jennifer,Valdez,richard55@yahoo.com,Larsenmouth,Macao
C0312,Blake,Gonzalez,laurenowens@murphy-webb.net,Francisfort,Saint Kitts and Nevis
C0313,Rose,Rubio,david83@yahoo.com,South Casey,Saudi Arabia
C0314,Nicholas,Martin,davidhansen@gmail.com,South Sarah,Ecuador
C0315,Eric,Smith,tguerrero@martinez.com,Browntown,Russian Federation
C0316,Jerry,Ballard,joel17@richardson.org,Lake Alexander,Cameroon
C0317,Amy,Olson,bakernicole@gmail.com,Wyattberg,French Polynesia
C0318,Crystal,Vang,fowleramber@gmail.com,Port Randybury,Kiribati
C0319,Deborah,Lopez,gonzalezalex@conley.biz,South Patriciafurt,Iceland
C0320,Mallory,Gonzalez,heatherlee@morrison.com,East Donald,Tokelau
C0321,Chris,Morrison,obaker@harris.com,Castilloside,Rwanda
C0322,Suzanne,Steele,williamscrystal@shelton.com,New Keithville,Bermuda
C0323,Diana,Braun,framos@bentley.com,West Dianaville,Tajikistan
C0324,Derek,Robinson,lloydmason@hotmail.com,Port Roberttown,Yemen
C0325,Kristina,Mercer,sweeneyjames@hotmail.com,Melindaton,Anguilla
C0326,Julie,Fisher,tpeterson@mann-wolf.com,North Tammy,Syrian Arab Republic
C0327,Denise,Robbins,clinenicholas@jones-holmes.com,Rebeccatown,Canada
C0328,Patricia,Stewart,harriscynthia@hotmail.com,Ramirezport,Benin
C0329,Christopher,Whitaker,edwardsemily@lopez.com,Keithmouth,Ireland
C0330,Joseph,Gonzalez,smithblake@huynh.org,East Christopherberg,Puerto Rico
C0331,Jason,Moreno,ttaylor@young-lane.com,Lake Johnland,Singapore
C0332,Daniel,Mason,donna45@hotmail.com,Hoffmanton,San Marino
C0333,Kayla,George,nicholsbeth@hotmail.com,Karlfurt,Montenegro
C0334,John,Stephenson,nicholebishop@hotmail.com,Benderstad,Benin
C0335,Kathryn,Howard,wgriffin@johns-keller.com,North Nicolemouth,Algeria
C0336,Tracy,Black,floresgloria@gmail.com,West Mariaton,Lithuania
C0337,Preston,Mcpherson,shannon63@hotmail.com,Maryberg,Kuwait
C0338,Christina,Barber,jenniferanderson@jones-taylor.com,Dominguezside,Dominica
C0339,Robin,Monroe,jenna03@yahoo.com,Marquezburgh,Israel
C0340,Eric,Gentry,catherine12@duran-smith.com,East Raymond,Cayman Islands
C0341,Casey,Henderson,fwood@butler.biz,Gailville,Taiwan
C0342,Stephen,Scott,nathaniel12@gmail.com,South Anthonymouth,South Georgia and the South Sandwich Islands
C0343,George,Lowery,tbrown@yahoo.com,Alisonborough,Libyan Arab Jamahiriya
C0344,Andrew,Blanchard,angelabaker@gmail.com,Berryview,Kuwait
C0345,Sarah,Brown,rodriguezkatie@gmail.com,Port Jonathan,Malaysia
C0346,Tony,Rios,petersonmaria@hotmail.com,New James,Macao
C0347,Adam,Green,david55@roman-freeman.com,Lake Douglas,Montserrat
C0348,Ricardo,Serrano,qnguyen@haney.com,Dianashire,Seychelles
C0349,Stephen,Lowe,elawrence@grant.org,Sandersside,Slovakia (Slovak Republic)
C0350,Gilbert,Pace,lewisjesse@marsh.com,New Johnfurt,Tajikistan
C0351,William,Stewart,julia27@gardner.org,Blackberg,Luxembourg
C0352,Angel,Powell,zgonzales@hotmail.com,Jacobview,Croatia
C0353,Kurt,Mcdonald,ucox@graham.com,Port Patrickview,Portugal
C0354,Jason,Torres,jdavis@larson-campos.org,Fuentesview,Fiji
C0355,Sharon,Thomas,klopez@gmail.com,Lake Kelly,Cuba
C0356,Henry,Vincent,daniel00@thompson-johnson.com,West April,Iceland
C0357,Matthew,Williams,alyssa01@frazier-smith.com,Port Jeremy,Bangladesh
C0358,Denise,Sloan,suetorres@hotmail.com,Byrdside,British Indian Ocean Territory (Chagos Archipelago)
C0359,Debra,Mcbride,jonathanandrade@gmail.com,Lake Kristishire,Algeria
C0360,James,Walker,jmay@moreno-koch.info,Gillton,Malawi
C0361,Jessica,Sparks,tanyasalinas@gmail.com,Cameronport,Cameroon
C0362,Teresa,Rowland,russell63@gmail.com,Adamberg,Brazil
C0363,Keith,Rice,thomas21@gmail.com,Lake Peter,Comoros
C0364,Valerie,Martin,brooksrichard@estrada-davis.com,West Richard,Latvia
C0365,Brian,Wilson,ymurphy@hutchinson.com,North Tylerland,Reunion
C0366,Sharon,Smith,nlucas@yahoo.com,South Heather,Montserrat
C0367,John,Martinez,onelson@hotmail.com,South Amandamouth,Croatia
C0368,Laura,Ramirez,rhonda02@willis.com,Glennstad,India
C0369,Angela,Moore,yrodgers@hotmail.com,Brownmouth,United States Minor Outlying Islands
C0370,John,Stevens,rogersapril@jackson-jones.com,Leetown,Montenegro
C0371,Wyatt,Anderson,christopher63@webster.com,Allenburgh,Liberia
C0372,Eric,Brown,corey35@hotmail.com,East Sarah,Brazil
C0373,Maria,Wilson,sortega@yahoo.com,North Kenneth,Suriname
C0374,Jonathan,Barnes,thompsonwilliam@hotmail.com,Christopherville,United Kingdom
C0375,Ashley,Carroll,vbrown@vaughn.info,New Christopherfort,Saint Barthelemy
C0376,Ricky,Lopez,davisderek@gardner-miranda.com,Duncanshire,Myanmar
C0377,Samuel,Freeman,brittany41@hotmail.com,Meredithfort,Timor-Leste
C0378,Vanessa,Morrison,millercourtney@yahoo.com,Copelandmouth,Yemen
C0379,Michelle,Lee,bramos@thompson.info,Port Karimouth,Bhutan
C0380,Lisa,Miller,rodgerssteven@yahoo.com,New Scottburgh,Zimbabwe
C0381,Maria,Young,anthonyperez@hotmail.com,Annton,Holy See (Vatican City State)
C0382,Gregory,Smith,lance26@hotmail.com,Knoxfurt,Palestinian Territory
C0383,Crystal,Roberts,jgriffin@hotmail.com,Johnsonport,Mauritius
C0384,Jeffrey,Nash,brianroberts@knight-johnson.info,South Allen,Trinidad and Tobago
C0385,Laura,Kirby,cstephens@gmail.com,Millsbury,French Southern Territories
C0386,Holly,Torres,beasleyanthony@yahoo.com,Denisemouth,French Guiana
C0387,Taylor,Anderson,carteradam@hotmail.com,West Jim,Cayman Islands
C0388,Gary,Irwin,tbriggs@hotmail.com,Ashleyside,Panama
C0389,Jenna,Green,ryan95@gmail.com,Austinton,Portugal
C0390,Monique,Melton,alicia34@walton.org,Lake Daisymouth,Christmas Island
C0391,Monica,Lopez,vaughngordon@hotmail.com,Lake George,French Southern Territories
C0392,Kimberly,Wolf,barronapril@hotmail.com,Katelynmouth,Saint Barthelemy
C0393,William,Lambert,pricedavid@hotmail.com,Reedside,Sweden
C0394,Paula,Young,elizabeth00@yahoo.com,North Jasmine,Costa Rica
C0395,Joanne,Mclaughlin,baxternicole@hotmail.com,North Shannonbury,Suriname
C0396,Kristen,Wolfe,ssmith@baker.org,Tiffanymouth,Samoa
C0397,Michael,Lawrence,peggybennett@porter.net,West Adrian,New Zealand
C0398,Ryan,Forbes,johnmcpherson@yahoo.com,West Johnville,Qatar
C0399,Andres,Berry,jefferyadams@nguyen-miller.com,Carriehaven,Greenland
C0400,Kimberly,Russo,johnny32@hotmail.com,North Jamestown,Costa Rica
C0401,Ricky,Rodriguez,andrea42@yahoo.com,Mistystad,Angola
C0402,Tony,Pratt,andrewsnicole@silva.com,Port Michael,Samoa
C0403,Courtney,Harris,dmayo@duncan.com,North Andrewview,Brunei Darussalam
C0404,Diane,Martin,douglasgarrison@gmail.com,West Kevinport,Saudi Arabia
C0405,William,Lewis,hpotts@clark-hernandez.net,Jackieland,Cape Verde
C0406,Devin,Castaneda,jefferyross@yahoo.com,North Leonard,Benin
C0407,David,Moyer,duncanelizabeth@hotmail.com,Horntown,Micronesia
C0408,Melinda,Parker,david18@gmail.com,Lake Stephenmouth,Mexico
C0409,Kyle,Brown,nthompson@barnes.biz,South Danielstad,Sao Tome and Principe
C0410,Stephanie,Brewer,bradleyjoseph@chapman-garcia.info,Port Brenda,Malta
C0411,Kyle,Jones,priceamber@hotmail.com,East Christina,Burkina Faso
C0412,Sean,Butler,mcordova@hotmail.com,Spencerport,Netherlands
C0413,Veronica,Adams,tammy85@hotmail.com,Jeffreystad,Northern Mariana Islands
C0414,Victoria,Lowe,christopher66@hotmail.com,East Lukechester,Luxembourg
C0415,Brianna,Doyle,kayla83@pittman.com,Obrienburgh,South Georgia and the South Sandwich Islands
C0416,Vanessa,Morrow,jenniferlittle@hotmail.com,West Michaelchester,Maldives
C0417,Emily,Miller,shawn31@yahoo.com,Port Adamtown,Tajikistan
C0418,Timothy,Ruiz,julieallen@yahoo.com,Zacharyland,Albania
C0419,Julie,Owens,alyssa95@yahoo.com,East Jessica,Cayman Islands
C0420,Megan,Davidson,alexanderpaul@flowers-hampton.com,New Joel,Jordan
C0421,Kayla,Thompson,angela23@yahoo.com,Port Joshua,Kyrgyz Republic
C0422,Charles,Chandler,sandra57@gmail.com,Craigside,Germany
C0423,Brenda,Armstrong,flee@hotmail.com,West Xavier,Ecuador
C0424,Christopher,Hamilton,ellenporter@yang.com,Arroyoview,Reunion
C0425,Alex,Hill,walkersamantha@gmail.com,Erinstad,Macedonia
C0426,Steven,Stein,kathy07@phillips.org,Port Cynthia,Pakistan
C0427,Susan,King,jacqueline00@miller-english.com,East Rhonda,Pakistan
C0428,Nancy,Yates,heatherthompson@thompson-wilkerson.com,Hayesfort,Martinique
C0429,Erin,Bean,tamara61@gmail.com,Edwardsburgh,Mauritania
C0430,Stephen,Beard,iguzman@gmail.com,Petersonshire,Luxembourg
C0431,William,Dickerson,barry98@burns.biz,Evansberg,Heard Island and McDonald Islands
C0432,Andrew,Morgan,samantha84@lynch-french.com,East Melissa,Mozambique
C0433,Jack,Webb,leonschmidt@williams-baker.com,Melissaborough,Trinidad and Tobago
C0434,Paul,Nicholson,crystal02@smith.com,Nelsonstad,Andorra
C0435,Melinda,Guzman,stevehoover@gmail.com,East Adam,Turkey
C0436,Larry,Goodman,josecalhoun@yahoo.com,West Justinburgh,Antigua and Barbuda
C0437,Derek,Freeman,riverarobert@hotmail.com,Bradleychester,Puerto Rico
C0438,Jennifer,Stone,amanda63@stevens-berry.info,Weberville,Spain
C0439,Sylvia,Rhodes,christopheroneal@gmail.com,Hopkinsport,Mali
C0440,Jonathan,Fuentes,lreyes@ford.com,South Brandy,Jersey
C0441,Darren,Singh,joshuatyler@yahoo.com,Lake Marystad,New Zealand
C0442,Ian,Vasquez,jessica27@hotmail.com,East Kevinside,Saint Vincent and the Grenadines
C0443,Manuel,Hayes,cbautista@ward.com,Port Charlesborough,Kazakhstan
C0444,Shelly,Brooks,lmorris@yahoo.com,South Kevin,Cape Verde
C0445,Kathryn,Lee,garciatodd@keller.biz,New Christinehaven,Saint Helena
C0446,Savannah,Fowler,christopher55@hotmail.com,South Joshua,Aruba
C0447,Frank,James,vanessa85@gmail.com,Hughesmouth,Mongolia
C0448,Matthew,Morris,troyshields@gmail.com,South Victoria,Mongolia
C0449,Kara,Woods,jeffreygreen@gmail.com,Jillborough,Lithuania
C0450,Bradley,Christian,joseph65@hotmail.com,Hamptonberg,Greece
C0451,Kathleen,Patrick,hsweeney@sanchez-martin.net,Lake Patricia,Afghanistan
C0452,Brianna,Washington,javila@odonnell.biz,South Paul,Vanuatu
C0453,Jenna,Singleton,johnnywilliams@cameron.com,Port Alicia,Qatar
C0454,Julie,Bryant,zachary82@rosario.com,Christophershire,American Samoa
C0455,Stephanie,Daugherty,johncline@yahoo.com,Crystalshire,Sweden
C0456,Tyler,Roberts,brianlowe@figueroa.biz,Port Bruce,Bosnia and Herzegovina
C0457,Alicia,Garner,patricialivingston@rodriguez.biz,South Johnhaven,Czech Republic
C0458,Adrian,Arellano,kathleencampbell@horton.com,North Dustinberg,Nigeria
C0459,Andrea,Sanchez,lauraparsons@gmail.com,Nicholasberg,New Caledonia
C0460,Jeremy,Mckinney,vpayne@sanford.org,North Saraside,Kazakhstan
C0461,Sara,Taylor,josemartin@ray.com,East Teresaview,Western Sahara
C0462,Jennifer,Carter,mariacarey@hotmail.com,Sandraton,Montserrat
C0463,Jose,Hayes,zperez@yahoo.com,North Markmouth,Brazil
C0464,Grant,Everett,gibsonmarcus@mcdonald.com,New Kristineberg,Norway
C0465,Matthew,Gross,sheltontodd@gross.com,North Sherryside,Russian Federation
C0466,Lindsay,Aguirre,velasquezjuan@salinas-logan.biz,North Lauren,Poland
C0467,Tara,Pitts,garciagabriel@yahoo.com,Port Sarahhaven,Australia
C0468,Mark,Garner,hilldeborah@haley.com,North Richard,Tunisia
C0469,Michael,Russell,adam53@best.com,South Michael,United States Virgin Islands
C0470,Kristen,Case,thomasjames@brown.biz,Lauraview,Congo
C0471,Joshua,Hunter,browntyler@yahoo.com,Meganberg,Saint Barthelemy
C0472,Michael,Wright,jody94@martinez-collins.com,New Laura,Saint Vincent and the Grenadines
C0473,Julie,Gaines,tracymcclure@gmail.com,South Kristi,Venezuela
C0474,James,Gray,johnhoover@hotmail.com,Port Bettyburgh,Netherlands Antilles
C0475,Jennifer,Perez,aharris@gmail.com,Palmerside,Cyprus
C0476,Eric,Castillo,wandaharvey@jackson.org,Rhondabury,Venezuela
C0477,Amy,Sullivan,tiffanyflores@hotmail.com,Hughesmouth,Brazil
C0478,James,Foster,jgriffin@coleman-mcdonald.com,Port Jessica,Moldova
C0479,Lisa,Martin,jsims@gmail.com,Josephport,Wallis and Futuna
C0480,Richard,Fisher,goodmanchristopher@yahoo.com,Petersonstad,Heard Island and McDonald Islands
C0481,Charles,Silva,zcruz@hotmail.com,Port John,Guernsey
C0482,Brittany,Lane,russell46@moore.com,Montgomeryfurt,Seychelles
C0483,James,Vang,jgalloway@yahoo.com,Juanhaven,Chad
C0484,Ernest,Wells,mcclainjason@yahoo.com,Valerieburgh,Congo
C0485,Charles,Wong,hernandezjeffery@savage-shaw.com,Samanthaville,Mauritania
C0486,Jennifer,Copeland,thomasdaniel@waller.biz,Melindaland,Macedonia
C0487,David,Haas,james62@turner.info,Spencerport,Guyana
C0488,Dawn,Hammond,manuelwatts@carter.biz,New Kimberlyview,United Kingdom
C0489,Steven,Wheeler,tony29@young-barron.com,East Amberbury,Saint Barthelemy
C0490,Mitchell,Taylor,ddalton@duke.com,Medinafort,Antarctica (the territory South of 60 deg S)
C0491,Jeremy,Wilson,xlloyd@gmail.com,North Cheryl,Mexico
C0492,Kevin,Johnston,colemanshane@lopez-soto.com,Shelleyton,Spain
C0493,Melissa,Lewis,lcoleman@newman.com,Cassandraberg,Timor-Leste
C0494,Brittany,Holloway,lewismarie@yahoo.com,Lukeburgh,Guam
C0495,Timothy,Williams,lisa40@wilkerson-smith.com,Johnland,Brazil
C0496,Taylor,Anderson,kristina36@yahoo.com,Davidport,Greenland
C0497,Ryan,Young,jevans@gmail.com,Stevensshire,Greenland
C0498,Shannon,Skinner,marie17@hotmail.com,Amandachester,Western Sahara
C0499,Edward,Robinson,ckelly@robertson.com,South Jessica,Barbados
C0500,Jessica,Holmes,johnwilliams@yahoo.com,Cherylside,Cocos (Keeling) Islands
C0501,Joshua,Anderson,john27@hotmail.com,Mathewfurt,Saudi Arabia
C0502,Jamie,Warren,clarkechristopher@hotmail.com,Johnsonfurt,Reunion
C0503,Shelby,Sharp,katherinejohnson@yahoo.com,Port Emma,Moldova
C0504,Elizabeth,Kennedy,amy10@gmail.com,Watsonview,Macao
C0505,Tanya,Martinez,latashaleon@gmail.com,Port Rebeccaville,Greece
C0506,Mark,Lowe,usmith@yahoo.com,South Emily,Slovakia (Slovak Republic)
C0507,Jorge,Scott,williamwiggins@adams.com,Garyside,Ghana
C0508,Tina,Pitts,monicabaker@reyes.info,Morrisport,Iran
C0509,Christopher,Russell,heatherwilliams@hernandez-harmon.com,Aaronberg,Somalia
C0510,Bridget,Nolan,jonathan06@powell.com,East Kristieton,Singapore
C0511,Robert,Holden,kbowen@gmail.com,Jamesport,Ireland
C0512,Daniel,Barnes,dbullock@hotmail.com,Floreschester,Cocos (Keeling) Islands
C0513,Anthony,Russell,henryanthony@harris-ortiz.info,North Theresa,Vietnam
C0514,Abigail,Anderson,mark20@hotmail.com,Timothyburgh,Netherlands
C0515,Jeff,Rodgers,rayangela@strickland.info,Pattersonborough,Gambia
C0516,Lori,Hancock,jefferyespinoza@yahoo.com,Lake Charles,Kuwait
C0517,Michael,Larson,mitchellsamantha@yahoo.com,Cynthiaport,Pitcairn Islands
C0518,Carl,Brewer,tmoore@hotmail.com,South Gregory,Ecuador
C0519,David,Weaver,karen70@white-diaz.org,South Davidchester,Haiti
C0520,Javier,Wright,xcameron@gmail.com,Port Lisamouth,Syrian Arab Republic
C0521,Kenneth,Vargas,johnsonamy@gmail.com,East Theresa,Papua New Guinea
C0522,John,Mcdaniel,broberts@yahoo.com,Georgefort,Niger
C0523,Victoria,Oneill,marknelson@gray.com,Lake Daniellehaven,Serbia
C0524,Cristina,Cannon,henrygallegos@gmail.com,Lisafort,Anguilla
C0525,Micheal,Ramirez,morganchristina@yahoo.com,North Haleyton,New Zealand
C0526,Debra,Blevins,andrewsjoseph@gmail.com,Bateshaven,Holy See (Vatican City State)
C0527,Darryl,Rivers,brian39@gmail.com,West Cherylville,Ethiopia
C0528,Alex,Contreras,james07@graham.com,Dorseymouth,Mali
C0529,Johnny,Mills,virginiamorgan@hotmail.com,Cliffordbury,Kazakhstan
C0530,Jennifer,Tyler,tiffany98@taylor.net,South Jason,Georgia
C0531,Scott,Henry,zcarson@hotmail.com,West Bradley,Uganda
C0532,Debbie,Macias,morrisjohn@ware.com,Ebonyfort,Suriname
C0533,Jennifer,Kaufman,melissa62@gmail.com,New Rachelfurt,Zambia
C0534,Jose,Marquez,david52@gonzalez.com,Donaldtown,Costa Rica
C0535,Wesley,Schmitt,craig84@yahoo.com,East Kristinebury,Somalia
C0536,Ryan,Berger,nmack@bates.com,East Jennifermouth,Tonga
C0537,Christopher,Scott,zsmith@yahoo.com,New Triciashire,Myanmar
C0538,Carrie,Adams,aaronmartinez@gmail.com,Nicoletown,Benin
C0539,Justin,Davis,marywalker@brown.org,West Sarah,Swaziland
C0540,Jimmy,Boyer,williamevans@gmail.com,East Amanda,Portugal
C0541,Dean,Khan,nathan16@gonzales-newton.com,Johntown,Azerbaijan
C0542,Blake,Daniel,galvarado@cooper-evans.com,North Heatherport,Cambodia
C0543,Brenda,Smith,khansteven@buckley-martinez.com,East Amy,Lithuania
C0544,Kayla,Blanchard,coreycarr@hotmail.com,Dawnfort,Japan
C0545,Stephanie,Rogers,griffinallison@weaver.com,Walkerport,Swaziland
C0546,Cory,Carr,deanna86@gamble-pace.com,West Nicolemouth,Antigua and Barbuda
C0547,Kristin,Moran,walkerchristina@gmail.com,Meganton,Singapore
C0548,Jeffrey,Bush,adamsshane@yahoo.com,Christianmouth,Egypt
C0549,Manuel,Clark,benjaminford@gmail.com,Morrisburgh,Togo
C0550,Richard,Payne,sleon@gmail.com,Robertview,Solomon Islands
C0551,Melissa,Smith,haysmary@york-dillon.biz,New Aprilfurt,Christmas Island
C0552,Lindsay,Benton,jeffreypeterson@miller.info,West Betty,Cocos (Keeling) Islands
C0553,Jeffrey,Roberts,bandrews@obrien-bell.com,Wattsmouth,Martinique
C0554,Ronald,Diaz,kevans@richards.com,North Duane,Latvia
C0555,Michael,Lopez,xjohnson@hotmail.com,Laurenton,Russian Federation
C0556,Laura,Ramirez,rebecca72@gmail.com,Shannontown,Lesotho
C0557,Devin,Allison,joanne17@yahoo.com,West Brianhaven,Indonesia
C0558,John,Graham,barbarascott@garcia.com,Adamsberg,Swaziland
C0559,Kimberly,Thompson,kellyamy@hotmail.com,Lawsonport,Djibouti
C0560,Robert,Rodriguez,dawn33@hebert.org,Port Amystad,Tunisia
C0561,Billy,Martin,bobby82@gmail.com,North Brian,Madagascar
C0562,Carolyn,Tucker,rileystacy@fuentes-gonzales.com,Davidville,Burkina Faso
C0563,Brian,Mitchell,hallricky@jackson-stewart.com,East Christopherland,Algeria
C0564,Charles,Hutchinson,xboone@yahoo.com,Williamville,Eritrea
C0565,Kevin,Tyler,davidcraig@yahoo.com,Watkinsshire,Kyrgyz Republic
C0566,Scott,Webb,steven84@jackson.org,South Bryanbury,Czech Republic
C0567,Beth,Clark,sarawright@gmail.com,South Aaron,Cyprus
C0568,Sierra,Friedman,john18@yahoo.com,West Samanthashire,Isle of Man
C0569,Brenda,Brady,hannahaguirre@scott-weaver.biz,Port Jennifer,Sierra Leone
C0570,Angela,Davis,katie77@alvarado-nguyen.biz,North Jennifershire,Trinidad and Tobago
C0571,Daniel,Weber,michael07@allen.com,Rodriguezton,Sudan
C0572,John,Solomon,shepherdangela@hotmail.com,Moodyside,Libyan Arab Jamahiriya
C0573,Lisa,Parker,marvin44@gmail.com,New Karenton,Seychelles
C0574,Suzanne,Ortega,silvaamanda@gmail.com,Port Angela,Bulgaria
C0575,Bailey,Roy,vmendoza@gmail.com,West Robert,Saudi Arabia
C0576,John,Scott,msmith@byrd-serrano.com,Janiceside,Mauritius
C0577,Kimberly,Gamble,kwilson@horne.com,West Melanie,Peru
C0578,Courtney,Taylor,mcdanieljames@hotmail.com,Port Matthew,Libyan Arab Jamahiriya
C0579,Austin,Nichols,randy72@yahoo.com,North Lindsay,Spain
C0580,Erin,Richardson,brian88@gmail.com,Port Jillianfurt,French Southern Territories
C0581,Lauren,Harris,fmiddleton@gmail.com,Port Steven,Azerbaijan
C0582,Joseph,Hopkins,lisa12@moreno.com,West Michellefort,Saint Helena
C0583,Scott,Greene,nicholassullivan@gmail.com,East Teresa,Niue
C0584,William,Crawford,andersoncatherine@cooper.com,Lake Jacob,Pitcairn Islands
C0585,Deborah,Hill,davidlester@alexander.net,East Christopher,Central African Republic
C0586,Ryan,Snyder,williamshah@spencer.com,Johnsonfurt,Belize
C0587,Christopher,Hunt,josephlynch@lester.org,Lake Erin,Argentina
C0588,Melissa,Garcia,alvarezmatthew@davis.org,Lake Harry,Cambodia
C0589,Sabrina,Lee,umoss@gmail.com,Guerrashire,Uzbekistan
C0590,George,Parker,scott16@gmail.com,Jacquelineberg,Saudi Arabia
C0591,Nathan,Salinas,mistyclark@gmail.com,Olivermouth,Guernsey
C0592,Molly,Vasquez,camachoamanda@taylor.com,Jeffreymouth,French Polynesia
C0593,Linda,Smith,palmernatalie@gmail.com,Bonniebury,Grenada
C0594,Kayla,Brooks,susanrose@gmail.com,Janiceside,Argentina
C0595,Melissa,Morton,mleon@perry.biz,Jessicaberg,Nicaragua
C0596,Tina,Perez,curtis28@gmail.com,Hancockborough,Cambodia
C0597,Gregory,Ware,sharon29@yahoo.com,Hannahville,Guyana
C0598,Clinton,Jones,powellheather@burton.net,West Bruce,Iceland
C0599,Chad,Yoder,rmitchell@adams-frost.com,Mooreborough,Saudi Arabia
C0600,Miguel,Nguyen,apriljensen@gmail.com,Smithfort,Wallis and Futuna
C0601,Elizabeth,Nichols,masonclark@hotmail.com,Ashleyton,Barbados
C0602,Teresa,Rivera,jasonwood@yang.com,Kristenborough,Guadeloupe
C0603,Ashley,Hanson,kevin38@miller.org,Port Melaniefurt,Chad
C0604,Cheryl,Moses,elizabethrosales@hotmail.com,Clineport,Argentina
C0605,Tammy,Crawford,smithjulie@yahoo.com,Robertstad,Rwanda
C0606,Colleen,Romero,astrickland@gmail.com,Petermouth,Bermuda
C0607,Lacey,Richards,idodson@wiley-ryan.com,Craigstad,China
C0608,Roberto,Martin,gallowayrobert@hotmail.com,Whitestad,Puerto Rico
C0609,Jason,Moore,cummingsjames@gmail.com,Andrademouth,Gibraltar
C0610,Kimberly,Mcclure,andersonjeremiah@conrad.com,North John,Reunion
C0611,Kenneth,Jones,qowens@hoffman-gibbs.com,Vanessaborough,Malawi
C0612,Stephanie,Oneal,tyrone27@watts.biz,West Carly,Guernsey
C0613,Teresa,Richardson,reedamy@yahoo.com,Poolestad,Kenya
C0614,Anthony,Rivera,andersonjames@garcia-miller.com,Hoffmantown,New Zealand
C0615,Scott,Anderson,james85@hotmail.com,New Hannah,Sierra Leone
C0616,Aaron,Green,tracy46@castro.info,Lake Andrea,Argentina
C0617,Ryan,Jackson,fmeza@yahoo.com,Strongburgh,Italy
C0618,Brad,Wells,jasonwright@rodriguez.com,North Jesusport,Montserrat
C0619,Denise,Meza,waynealexander@yahoo.com,Grahamland,Kuwait
C0620,Robert,Williams,peter31@yahoo.com,South David,Mexico
C0621,Daniel,Cox,martin48@fuller.com,Kevinhaven,Tokelau
C0622,Denise,Carlson,lisaharris@yahoo.com,Lake Kevin,Swaziland
C0623,Timothy,Hull,cynthia61@garcia.info,West Robert,Malta
C0624,Angelica,Campbell,jeremy14@gmail.com,Flemingbury,Mozambique
C0625,Dominic,Erickson,gutierrezdennis@thomas.info,North Christopher,Congo
C0626,Katelyn,Brown,csmith@yahoo.com,North Benjaminton,Singapore
C0627,Christopher,Freeman,sanderschristopher@reed.com,North Jared,Brazil
C0628,Jason,Guerra,tiffanydickerson@cook-bailey.biz,Mcdonaldville,Gabon
C0629,Mary,Schroeder,john86@hotmail.com,Mariatown,Kenya
C0630,Judy,Wheeler,bhendrix@romero.com,East Jeffreytown,Mozambique
C0631,Jeremy,Young,ghumphrey@hotmail.com,Rhodestown,Marshall Islands
C0632,Jennifer,Taylor,danny19@hartman.com,New Donaldview,Marshall Islands
C0633,Derrick,Bruce,cynthia22@hotmail.com,Gallegosland,Australia
C0634,Brianna,Grimes,joseph15@gates.net,South Amy,British Indian Ocean Territory (Chagos Archipelago)
C0635,Robert,Ward,ramirezjessica@jones.biz,Rebeccafort,Dominican Republic
C0636,Lori,Tucker,gonzalesrachel@roman-ford.info,Lake Christyport,Micronesia
C0637,Lucas,Nguyen,pwright@hotmail.com,New Dwayne,Mexico
C0638,Blake,Garcia,masonnathaniel@newman.com,East James,Zimbabwe
C0639,Jesus,Craig,shanewillis@gmail.com,Wendyton,Israel
C0640,Steven,Johnson,hodgeskimberly@riley.com,Kennedyville,Djibouti
C0641,Samantha,Dennis,christinacrawford@charles.com,Port Robert,Tanzania
C0642,Alison,Woods,mlopez@gmail.com,Dawnburgh,Cape Verde
C0643,Mary,Carson,timothyconley@hotmail.com,Davisberg,Equatorial Guinea
C0644,Robert,Scott,emily49@gmail.com,Thomasshire,El Salvador
C0645,Sandra,Stafford,rarroyo@schmidt.com,Randolphville,Palau
C0646,Sonya,Smith,lisabrown@harris.com,Laneton,Guyana
C0647,Alan,Rowland,idiaz@hotmail.com,West Amanda,United States of America
C0648,Lisa,Garcia,grogers@yahoo.com,New Kyleshire,Liechtenstein
C0649,Ashley,Stevens,ldelgado@gmail.com,South Maureen,Serbia
C0650,Elizabeth,Harrison,davidkrause@reed-taylor.com,Lake Allison,Portugal
C0651,Caitlin,Riley,bradleyortiz@nguyen.biz,Kellytown,Macedonia
C0652,Zachary,Wolfe,sandrahill@reyes.com,Pattonside,Estonia
C0653,Emily,Pearson,jenna23@gmail.com,Watsonport,Latvia
C0654,Sara,Bennett,brittney42@yahoo.com,North Laurie,Bouvet Island (Bouvetoya)
C0655,Tiffany,Howard,johnalvarez@moore.info,South Aaron,Qatar
C0656,Linda,Strickland,melanie73@estrada-duncan.biz,Dennisside,Niue
C0657,Stephen,Carr,emclean@jackson.net,Port Spencer,Timor-Leste
C0658,Joe,Vargas,haydenmendez@bowman.org,Thompsonmouth,Tajikistan
C0659,Eric,Garcia,spencer56@martinez-cox.com,South Victoria,Montserrat
C0660,Natasha,Mills,ellisbailey@brown.info,South Aprilburgh,French Guiana
C0661,Vicki,Solis,fosteroscar@owens.com,New Brandonton,Lao People's Democratic Republic
C0662,Lisa,Garrett,xguzman@hotmail.com,East Ricky,Solomon Islands
C0663,Raymond,Lawson,lewismatthew@richard.com,Adamschester,Tajikistan
C0664,Sherry,Schwartz,fishermonica@robinson-harvey.com,East Bradleyside,Cocos (Keeling) Islands
C0665,Cody,Dunn,deniselarsen@yahoo.com,West Jeffreystad,Burundi
C0666,Evelyn,Castro,keithward@turner.com,Leeshire,Turkmenistan
C0667,Michael,Bowen,jennifergarcia@silva.org,Nunezchester,Azerbaijan
C0668,Christine,Brown,smunoz@hotmail.com,Port Duane,Svalbard & Jan Mayen Islands
C0669,Steven,Miller,shaun03@gmail.com,South Shawnbury,Norfolk Island
C0670,Trevor,Dyer,jonshort@hotmail.com,South Michael,Azerbaijan
C0671,Leah,Whitaker,nwilson@hotmail.com,Port Daniel,Eritrea
C0672,Michael,Malone,ortizmaria@rodriguez.com,Brownside,New Caledonia
C0673,Adam,Foster,pwilliams@hotmail.com,East Katherineborough,Iraq
C0674,Gloria,Salas,daviskristin@gmail.com,Lake Rachel,Hungary
C0675,Joshua,Davis,john57@yahoo.com,West Christineton,Kyrgyz Republic
C0676,Steven,Johnston,jmitchell@harper-lawrence.com,Hicksview,Chile
C0677,Yolanda,Frye,hmorris@yahoo.com,Port Elizabethbury,Libyan Arab Jamahiriya
C0678,John,Weiss,nelsonbrittany@sanchez.com,Markburgh,Tuvalu
C0679,Cheryl,Greene,ysanchez@hotmail.com,Kimville,Ethiopia
C0680,Sarah,Lynch,bgilbert@gmail.com,Georgeburgh,British Indian Ocean Territory (Chagos Archipelago)
C0681,Joshua,Craig,baldwinray@hotmail.com,West Thomaston,French Polynesia
C0682,Jodi,Walker,wilsonheather@yahoo.com,East Davidtown,United States of America
C0683,Tyler,Moss,kim83@yahoo.com,Gainesfort,Malawi
C0684,Renee,Chase,johnlewis@gmail.com,North Max,Montenegro
C0685,Dominique,Wagner,ricky82@gmail.com,Barajashaven,Saint Vincent and the Grenadines
C0686,Wendy,Smith,brandonsparks@hotmail.com,South Michellehaven,Congo
C0687,Rhonda,Gordon,david54@garrison-benton.com,Emilyberg,Palau
C0688,Robert,Hernandez,rhaley@martin.info,Williamsport,Belarus
C0689,Karen,Calhoun,samuel12@spencer.com,North David,Congo
C0690,Clayton,Mata,chavezstephanie@gmail.com,Joyberg,Honduras
C0691,Benjamin,Crawford,dominique74@yahoo.com,Benjaminmouth,New Zealand
C0692,Dana,Morris,scole@sheppard.org,Lake Christine,Liberia
C0693,James,Sloan,fblair@blackburn.com,South Theresaland,Estonia
C0694,John,Marquez,pmeza@brewer.com,West Nicole,Norfolk Island
C0695,Jorge,Adams,brianstein@west.org,New Monicaberg,Japan
C0696,Daniel,Preston,juan90@yahoo.com,Ronaldburgh,Cape Verde
C0697,John,Hess,bmccoy@bell.com,South Catherine,French Polynesia
C0698,Michael,Gordon,johnsonbryan@cohen.com,West Tiffany,Swaziland
C0699,Carolyn,Martin,dmorton@gmail.com,South Robert,Ethiopia
C0700,James,Sellers,chelsealong@hotmail.com,North Ashley,Kenya
C0701,Wendy,Olson,jimmy31@harrison.com,Jonathanfurt,United States Virgin Islands
C0702,Douglas,Moore,dlambert@gmail.com,Lake Georgefurt,Panama
C0703,Denise,Bowers,elopez@ellison.biz,Lake Sherrymouth,United States Minor Outlying Islands
C0704,Kurt,Ross,rcline@johnson.com,Port Jenniferfort,Oman
C0705,Eric,Blankenship,george97@hotmail.com,Jefferyburgh,Maldives
C0706,Kelsey,Graves,davidatkins@carter-johnston.biz,Jamesbury,Spain
C0707,Cindy,Carter,paul50@jacobs.com,Heatherside,Guam
C0708,Miranda,Zhang,williamssteven@yahoo.com,New Benjaminbury,Iceland
C0709,Meredith,Herrera,jackdavenport@hotmail.com,Hollyton,Netherlands
C0710,Andrew,Nguyen,carrillonicolas@white.com,West Stephanie,Australia
C0711,Natalie,Ramirez,brenda80@hotmail.com,Delgadomouth,Singapore
C0712,Carl,Salinas,blanchardashley@hotmail.com,Amberfurt,Mauritius
C0713,Michael,Allen,heathernguyen@gmail.com,Whitakerchester,Mauritania
C0714,John,Everett,kclark@ellis-vance.net,Joseland,Costa Rica
C0715,Kayla,Carter,cameronmorris@mora.com,West Kathyfurt,Trinidad and Tobago
C0716,Stephanie,Reed,william73@yahoo.com,Martinezville,Honduras
C0717,Diane,Johnson,brownmark@hotmail.com,North Thomas,Czech Republic
C0718,Kevin,Underwood,moyerwilliam@gmail.com,Fordburgh,Monaco
C0719,Brad,Burton,michael78@hotmail.com,Danielsberg,Togo
C0720,Steve,Tran,jerrydavis@hardy-parker.info,South Melanie,Paraguay
C0721,Laura,Smith,kimberly64@hotmail.com,Scottstad,Burundi
C0722,Ebony,Mcguire,rachel25@hotmail.com,Huntton,Maldives
C0723,Heather,Schneider,millsamanda@gmail.com,West Jamiefurt,Canada
C0724,Marilyn,Mann,nicholas96@hotmail.com,Grayburgh,Indonesia
C0725,Madeline,Henry,mcculloughann@lopez-hughes.info,Hubbardland,Senegal
C0726,Kenneth,Jordan,leeandrea@yahoo.com,Annettemouth,Saint Barthelemy
C0727,Misty,Clayton,fsmith@hotmail.com,East Brian,Uruguay
C0728,Cynthia,Stuart,danielle44@hotmail.com,Mitchellbury,Brunei Darussalam
C0729,Randall,Bradley,nelsonlisa@yahoo.com,Port Paul,Solomon Islands
C0730,Robin,Wilcox,hreyes@butler-reese.com,Port Michael,Belgium
C0731,Tamara,Boyd,steven63@harris-rowe.org,West Dawntown,Belize
C0732,Rodney,Webster,mmckay@yahoo.com,South Walterfurt,Canada
C0733,Kathy,French,amberferguson@yahoo.com,Port Andreaberg,Ghana
C0734,Harold,Turner,tabithajones@turner.com,Taylorshire,Cameroon
C0735,Misty,Payne,raymond82@ramirez.com,Lake Joechester,Tonga
C0736,Valerie,Wagner,ryanorozco@rocha.net,Melissaport,Barbados
C0737,Kevin,Lamb,timothywalker@yahoo.com,Michaelfurt,Austria
C0738,Matthew,Lewis,paulstark@yahoo.com,Allenville,Senegal
C0739,Vanessa,Lawson,meyerdaniel@gmail.com,Johnhaven,Ireland
C0740,Jessica,Kirk,catherinerobinson@patterson-nunez.com,North Sheila,United Kingdom
C0741,Mark,Coleman,hillmichael@gmail.com,Raymondton,Congo
C0742,Erica,Alvarez,kent26@yahoo.com,Port Joshuaborough,Mongolia
C0743,Alicia,Malone,lovematthew@johnson.com,Lake Ryan,Trinidad and Tobago
C0744,Joseph,Holland,thunt@dougherty.com,Jeffreytown,Georgia
C0745,Christopher,Taylor,xharris@hotmail.com,Wallville,Cyprus
C0746,Lindsey,Johnson,brian13@melton.com,Robertsonbury,Malta
C0747,David,Melton,xjefferson@gmail.com,Pottsville,Samoa
C0748,Vanessa,Adams,miguel83@allen.info,Thomasview,South Africa
C0749,Billy,Johnson,donna98@hotmail.com,Chaseland,United Arab Emirates
C0750,Misty,Moore,tammysimmons@yahoo.com,New Erin,Palestinian Territory
C0751,Nancy,Martin,rhuerta@walker-ray.com,Port Ashley,Saint Barthelemy
C0752,Bridget,Marshall,gsmith@hotmail.com,North Cindy,China
C0753,Michael,Collins,camposmary@kim.com,Port Barry,Guam
C0754,Matthew,Mahoney,carterdavid@perez-powell.com,Cassandraberg,Bermuda
C0755,Carolyn,Gross,gramos@hotmail.com,Haleyfort,Slovakia (Slovak Republic)
C0756,Valerie,Thomas,holdenapril@welch.biz,Suzanneberg,Trinidad and Tobago
C0757,Jennifer,Allen,julie89@yahoo.com,Brianmouth,Armenia
C0758,Kelly,Tanner,rochabeth@gmail.com,Patriciafurt,Djibouti
C0759,Melissa,Cardenas,aking@yahoo.com,Port Sandra,Anguilla
C0760,Tamara,Shaw,wcampos@hotmail.com,East Christopher,Kiribati
C0761,Brian,Cooper,cruztimothy@hotmail.com,Webbview,British Indian Ocean Territory (Chagos Archipelago)
C0762,Tamara,Martinez,vlee@hotmail.com,Williamsberg,Madagascar
C0763,Sonya,Newton,anthony38@gmail.com,Davidshire,Tonga
C0764,Blake,Hines,melissa92@marshall.biz,Port Donaldmouth,Venezuela
C0765,Thomas,Joseph,dpugh@hotmail.com,Beckermouth,Christmas Island
C0766,Jason,Ball,reneewilliams@gmail.com,West Rebecca,Reunion
C0767,Kimberly,Diaz,suttonrodney@yahoo.com,Port Philipshire,Guinea
C0768,Andrea,Porter,dylan53@hotmail.com,East Travismouth,Greenland
C0769,Madison,Koch,heather04@villanueva.info,South Brandon,Micronesia
C0770,Brandon,Robinson,spitts@davis.com,South Connorshire,India
C0771,Tracy,Payne,michellerasmussen@anderson-howard.net,Lake Ashley,Georgia
C0772,Greg,Green,fkim@shannon.com,Dustinland,Uganda
C0773,Rebecca,Schaefer,john29@sims.info,Tylerborough,Iraq
C0774,Leslie,Jacobs,sarahwilliams@rodriguez.net,Bensonville,Myanmar
C0775,David,Mckay,marie48@yahoo.com,West Paulafurt,Jordan
C0776,William,Dyer,megandaniels@yahoo.com,Port Andrew,Gabon
C0777,Scott,Rowe,cynthiadavis@yahoo.com,East Michellebury,Reunion
C0778,Dennis,Lopez,gonzalesnatalie@yahoo.com,Johnchester,Liberia
C0779,Brenda,Ward,stantonheather@smith.biz,Antonioville,El Salvador
C0780,Kelly,Montoya,vincentfoley@yahoo.com,East Johnathanland,Bouvet Island (Bouvetoya)
C0781,Ricardo,Garza,floreskrystal@guzman-bauer.com,North Chloemouth,Lesotho
C0782,Glenn,Evans,samanthamedina@hotmail.com,Sergiofort,Estonia
C0783,Heather,Carey,ojones@gmail.com,Alishahaven,Panama
C0784,Amber,Stevenson,xadams@diaz.com,New Williambury,Mauritius
C0785,Sandra,Short,katieevans@hayes.info,East Helen,United Arab Emirates
C0786,Amanda,Spencer,bhoffman@hotmail.com,Paulahaven,Romania
C0787,Paul,Ruiz,timothy51@gmail.com,Josephbury,Turkmenistan
C0788,Kevin,Miranda,luis68@fleming.com,South Claudiaville,Bhutan
C0789,Joshua,Harris,upreston@lane.com,Williamburgh,French Polynesia
C0790,John,Scott,scottdaniel@hotmail.com,Beckerfurt,Colombia
C0791,Karen,Wade,youngtimothy@miller-chandler.com,Bellchester,Slovakia (Slovak Republic)
C0792,Austin,Nelson,michellebernard@gmail.com,Priceport,Luxembourg
C0793,John,Brown,paul55@hotmail.com,South Carolineburgh,Singapore
C0794,Victoria,Moore,brian10@hawkins.com,Jasonhaven,Eritrea
C0795,Jessica,Todd,hillmelissa@phillips.com,Wellstown,Mayotte
C0796,Maria,Sims,jasonrichards@frazier.biz,South Sean,Norway
C0797,Nathan,James,richardsonjames@hicks.com,North Dawnmouth,Malaysia
C0798,Jennifer,Hall,rgentry@jones-jimenez.com,Nancyton,Qatar
C0799,Anthony,Jimenez,munozpeter@gmail.com,Lake Kaylafort,Norway
C0800,Eric,Williamson,deborah29@yahoo.com,Carrietown,Bosnia and Herzegovina
C0801,Kristine,Boyd,manderson@hotmail.com,West Caleb,Djibouti
C0802,Matthew,Berger,nwright@daniel.com,West Charles,Thailand
C0803,Shannon,Middleton,hannahhernandez@gordon.com,Reyesside,Lithuania
C0804,Bruce,Frye,amandajohnson@yahoo.com,Calebstad,French Southern Territories
C0805,James,Chavez,chelseaanderson@lopez.com,Allenchester,Marshall Islands
C0806,Paula,Travis,ryan08@ramos-smith.com,Lake Davidfurt,Chile
C0807,Matthew,Clarke,tbaker@yahoo.com,South Tannerborough,Estonia
C0808,Melissa,Rojas,ppoole@hotmail.com,Maldonadofurt,Syrian Arab Republic
C0809,Michael,Richardson,lawrenceyvonne@sanchez.com,Moralesville,Austria
C0810,Diane,Gibson,krystal67@gmail.com,Smithtown,Iraq
C0811,Natalie,Sanders,olong@hotmail.com,Smithstad,Brazil
C0812,Mark,Simpson,hmcgrath@ross.org,Thompsonhaven,Denmark
C0813,Tamara,Chavez,andrew19@yahoo.com,Dennisshire,Finland
C0814,Darren,Henderson,hernandezbrandon@hotmail.com,Port Denisefurt,Jamaica
C0815,Scott,Perry,reynoldsjason@holland.com,West Jared,Belarus
C0816,Tim,Jones,uwebb@hotmail.com,Nicolehaven,Bhutan
C0817,Heidi,Cochran,gracebrooks@vaughn.biz,South Matthewchester,Angola
C0818,Lynn,Cunningham,kevin24@hotmail.com,North Charlesfort,Bahamas
C0819,Anita,Johnson,bridget84@gmail.com,Mitchellfurt,Azerbaijan
C0820,Grace,Williams,webbashley@moore-copeland.com,South Anthonyfurt,Croatia
C0821,Douglas,Sloan,luis19@yahoo.com,Colinport,Canada
C0822,Tammy,Johnson,hartrachel@hotmail.com,New Justin,South Georgia and the South Sandwich Islands
C0823,Sierra,Howard,anthony80@gmail.com,Melissaburgh,American Samoa
C0824,Antonio,Sandoval,wallacerichard@martinez.biz,North Jennifer,Spain
C0825,Andrea,Andrade,palmerjacqueline@gmail.com,New Theresa,Korea
C0826,Stacy,Ryan,jaguirre@jennings.biz,Leachland,Liechtenstein
C0827,Jeremy,Gross,underwoodronald@gmail.com,South Lorimouth,Bouvet Island (Bouvetoya)
C0828,Justin,Edwards,rojasmegan@gmail.com,West Robertburgh,Malta
C0829,Kimberly,Cole,brian31@bailey-edwards.com,East Zacharyfort,Guyana
C0830,Amanda,White,aaronwhite@gmail.com,Kristenberg,Cuba
C0831,Joanne,Stuart,colemannicole@gmail.com,Harrisland,Bermuda
C0832,Megan,Mejia,iharrell@thomas.biz,Jeffreyfort,Slovakia (Slovak Republic)
C0833,Raymond,Wells,jacksondawn@hotmail.com,Crystalshire,Spain
C0834,Jonathan,Gates,alexanderlisa@hotmail.com,Aimeetown,Somalia
C0835,Emily,Massey,candice17@gmail.com,Lake Patriciaside,Hong Kong
C0836,Jerome,Andrade,frederickteresa@yahoo.com,Port Melissa,Qatar
C0837,Dennis,Shepard,millerjohn@gmail.com,Brownberg,Serbia
C0838,Timothy,Wheeler,edwardsryan@chambers.com,East Leonard,Faroe Islands
C0839,Brittany,Murray,garylucas@walker.com,Michaelfurt,Lebanon
C0840,Kimberly,Ortiz,sarah51@craig.net,Lake Austin,Kiribati
C0841,Valerie,Wolf,matthewsamy@sanchez.org,Lake Calebborough,Mali
C0842,Sarah,Spears,mlawson@hotmail.com,Brittanybury,Thailand
C0843,Kevin,Ramirez,hgarner@williams.net,North Ashley,British Virgin Islands
C0844,Audrey,Palmer,ljohnson@yahoo.com,Joetown,Eritrea
C0845,Jacob,Harding,adamschristy@yahoo.com,Port Davidfort,Somalia
C0846,Billy,Hernandez,paula50@yahoo.com,West Erin,Solomon Islands
C0847,Alexandra,Williams,crystal71@harvey.com,Brendastad,British Virgin Islands
C0848,Jeffery,Garcia,scottclark@gmail.com,Grahamville,Bahamas
C0849,Sabrina,Harris,leahtucker@reed-snyder.com,Michaelfurt,Jersey
C0850,Robert,Frank,melissaperez@hotmail.com,Lake Carlos,Grenada
C0851,Amy,Peters,jonathanbond@hotmail.com,Nicolehaven,Luxembourg
C0852,Leonard,Carr,christinacole@hill.info,Wyattport,Ukraine
C0853,Curtis,Jackson,jenniferjohnson@gmail.com,Gibbsport,Trinidad and Tobago
C0854,Sarah,Donaldson,vfields@hotmail.com,Butlerhaven,Montenegro
C0855,Christina,Savage,navarromaria@gmail.com,West Davidview,Venezuela
C0856,Anthony,Johnson,dzavala@thompson.com,South Shannonshire,Kenya
C0857,Alexa,Wallace,melissa01@cooley-king.org,North Sarahburgh,Brazil
C0858,Jamie,Mcgee,hmcbride@maxwell.com,North Angela,United Kingdom
C0859,Jose,Yang,sramirez@yahoo.com,Mckenziemouth,Burkina Faso
C0860,Emily,Alexander,madisonnewman@yahoo.com,East Morgan,Mozambique
C0861,Ian,King,stacy62@guerrero.org,New Jose,Cayman Islands
C0862,John,Arnold,langkimberly@cook.com,Lorifurt,Palau
C0863,David,Hensley,sharon28@gmail.com,New Joshua,Benin
C0864,April,Mccoy,xwashington@stewart.org,East George,El Salvador
C0865,Cody,Gomez,eric76@camacho-young.com,New Jenniferberg,Tanzania
C0866,Nicole,Perkins,ofowler@kaufman.info,Millschester,Christmas Island
C0867,David,Jones,gtaylor@hotmail.com,Singhshire,Tanzania
C0868,Nathan,Tucker,dclark@yahoo.com,Nataliefurt,Chad
C0869,Natalie,Morris,alexis46@phillips.net,Port Michaelfurt,Oman
C0870,Christina,Newman,awilliams@martin-white.com,West Mariaburgh,American Samoa
C0871,Matthew,Lewis,vbaker@peterson.net,New Katherineton,Guatemala
C0872,Mark,Ford,rasmussenjerome@mitchell-jackson.biz,Michaelside,Faroe Islands
C0873,Debra,Rangel,saraharris@johnson.com,Meganstad,Morocco
C0874,Richard,Adams,srichardson@lucas.net,New Tracey,Kyrgyz Republic
C0875,Michael,Ruiz,luke74@gmail.com,Mollyville,United Kingdom
C0876,Catherine,Martin,terrydiana@bennett.net,West Shane,Saudi Arabia
C0877,Autumn,Gutierrez,jeremy91@mcclain.com,South Richardhaven,Faroe Islands
C0878,Donna,Evans,katieallen@smith.com,Howardville,Gibraltar
C0879,William,Goodwin,staceywright@greene-fisher.biz,East Normanland,Gibraltar
C0880,Joanna,Jackson,stevencarlson@acevedo.com,Yvetteport,Malta
C0881,Nicholas,Gross,michelleortiz@rodriguez.com,Melanieburgh,Djibouti
C0882,Allison,Strickland,keithtorres@hotmail.com,Port Anthony,Pakistan
C0883,Tiffany,Butler,icain@gmail.com,North Jessicamouth,Korea
C0884,Travis,Wilkins,russell49@hernandez.com,Port Williamland,Saint Vincent and the Grenadines
C0885,Brianna,Jones,shelleyburns@gmail.com,South Susan,Seychelles
C0886,Charles,Martin,dianaflynn@roberts-ali.org,Guzmanmouth,Colombia
C0887,Laura,Moore,banksrobert@hotmail.com,Pattersonstad,Mauritius
C0888,Holly,Rogers,ashleycummings@hotmail.com,East Jennifer,Honduras
C0889,Laura,Brown,vblankenship@johnson.info,New Traceyshire,Syrian Arab Republic
C0890,Craig,Morris,rbeltran@yahoo.com,North Cynthia,Grenada
C0891,William,Robinson,kanderson@hotmail.com,Christinaside,Algeria
C0892,Christina,Carter,gwatkins@carter.biz,South John,American Samoa
C0893,Sydney,Ortega,careythomas@berger.com,Markbury,Hong Kong
C0894,Lisa,Ortiz,pjohns@nichols-small.com,Lake Tonyport,Azerbaijan
C0895,Beth,Cunningham,jjohnson@hotmail.com,Brownington,Poland
C0896,Bradley,Wallace,rodneyroberts@cooper-blackburn.com,Robinsonshire,Qatar
C0897,Jennifer,Davis,johnsonthomas@lewis-davis.com,Hannahstad,Dominican Republic
C0898,Justin,Hampton,eddiechambers@gmail.com,Davidberg,Sudan
C0899,Raymond,Rodriguez,lynncarlson@garcia-bell.biz,North Kyleberg,Argentina
C0900,Katrina,Smith,sarascott@nicholson.net,Mclaughlinhaven,Oman
C0901,Allison,Stephenson,charles24@jones.biz,Kirkland,Myanmar
C0902,Seth,Meyer,campbelldana@walker-lopez.net,New Amyland,Albania
C0903,Joseph,Hall,lisa16@gmail.com,Port Claudiaberg,Iraq
C0904,Linda,Montoya,smiththeodore@hotmail.com,Phillipside,Maldives
C0905,Sandra,Cooper,rbrewer@king-smith.com,Brianaburgh,Bulgaria
C0906,Lauren,Ray,greenmolly@hotmail.com,Samanthachester,Austria
C0907,Tanya,Lee,amanda75@yahoo.com,South Danny,Falkland Islands (Malvinas)
C0908,Steven,Johnson,jacquelinejohnson@black.com,Christophershire,Vanuatu
C0909,Steven,Cox,zdoyle@watson.org,North Zacharyberg,Czech Republic
C0910,Jamie,Mullins,russellstephen@young.info,Ballardton,Benin
C0911,Chelsea,Richmond,wesley08@hotmail.com,Port Joseph,Nauru
C0912,Andre,Bell,deanjensen@yahoo.com,Priceview,Sierra Leone
C0913,James,Villegas,kelleyjulie@gmail.com,Parksport,Kenya
C0914,Rodney,Dixon,peggyrobertson@yahoo.com,East Charleston,Myanmar
C0915,Jesse,Simpson,samantha15@gmail.com,East Justin,Saudi Arabia
C0916,Shannon,Powers,rubiomark@yahoo.com,Boyerfort,United States of America
C0917,Michael,Phillips,sethhill@pham-rose.com,Kimfort,Equatorial Guinea
C0918,James,Davis,brad15@yahoo.com,South Sandrahaven,Australia
C0919,Kelly,Jenkins,michelle96@novak-cummings.com,Jeffreyview,Haiti
C0920,Joy,Garcia,loweaaron@hotmail.com,Troyfort,Monaco
C0921,Jennifer,Marquez,clarkkathleen@taylor.com,North Robert,Fiji
C0922,Andrea,Ford,samuel72@yahoo.com,Lake William,Yemen
C0923,Victoria,Martin,brownjennifer@yahoo.com,Sherriville,Madagascar
C0924,Joshua,Meyer,roy48@gmail.com,Ashleyberg,Spain
C0925,Rebecca,Tran,myersrobert@gmail.com,East Taraview,Barbados
C0926,Sherry,Moran,michaelmarshall@gmail.com,Port Michelleshire,Greenland
C0927,Tyler,Hunter,shutchinson@vaughn.org,Olsontown,Serbia
C0928,Jason,Turner,scottshaun@hotmail.com,Wigginsmouth,Lebanon
C0929,Gabrielle,Salazar,burgessmonique@crawford.com,Lake Beckyside,Iceland
C0930,Timothy,Gordon,smithcarlos@lawson.info,Davenporttown,Marshall Islands
C0931,Amy,Jacobson,zmorgan@mccarthy.info,Sherrychester,Suriname
C0932,Austin,Day,djones@kelly.com,South Michael,Jersey
C0933,Richard,Norris,foleysusan@mckenzie-green.com,Martinezton,Sweden
C0934,Michael,Brown,hherrera@gmail.com,Conwaychester,Saint Vincent and the Grenadines
C0935,Kristina,Howard,erika48@gmail.com,Espinozaborough,Isle of Man
C0936,Beth,Smith,josephnguyen@watson-bolton.com,Wrightfurt,Oman
C0937,William,Daniel,bryan99@boyle.com,Arroyoport,Philippines
C0938,Eric,Lucas,cindy36@gmail.com,Whitehaven,San Marino
C0939,Christopher,Anderson,lisalowery@yahoo.com,Coreyshire,Paraguay
C0940,Erica,White,penawilliam@moss-petersen.biz,Ferrellton,Mali
C0941,Barbara,Hopkins,liudonna@gmail.com,Deanport,Australia
C0942,Tammy,Andrews,annanderson@smith.net,Antonioshire,Norway
C0943,Dustin,Davis,austingriffith@gibson.net,Lake Joshuaview,Uganda
C0944,Anita,Johnson,opage@fry.com,Port Christina,New Caledonia
C0945,Robert,Johnson,jeffrey06@yahoo.com,South Davidtown,Djibouti
C0946,Christy,Anderson,kcalderon@hotmail.com,New Anne,New Caledonia
C0947,Jason,Combs,judy91@ramirez-nguyen.com,Jessicabury,Canada
C0948,Amber,Peterson,kgonzales@yates-taylor.com,Michellechester,Syrian Arab Republic
C0949,Alexander,Ayala,tsmith@gmail.com,East Stephanie,Iran
C0950,Elizabeth,Galvan,ambermaldonado@james.biz,South Stevenberg,Mozambique
C0951,Tami,Copeland,arodriguez@gmail.com,West Victoria,Malaysia
C0952,James,Baird,amyharris@martin.biz,Weaverland,Cameroon
C0953,Christopher,Jones,leonardamber@hotmail.com,New Jessicaport,Belgium
C0954,Tony,Turner,simonleslie@yahoo.com,New Kimberlyland,Ethiopia
C0955,Heather,Aguirre,jeremy77@grant-flores.com,New Judy,Thailand
C0956,Patricia,Fitzpatrick,langwanda@yahoo.com,New Nathan,France
C0957,Joann,Johnson,hfields@lawson-davis.net,New Jacqueline,New Caledonia
C0958,Gene,Snow,tcollins@gmail.com,Adambury,Tajikistan
C0959,Joshua,Allen,pamela08@martinez.com,East Debra,Saudi Arabia
C0960,Nicholas,Turner,alandelgado@cooper-walker.net,South Joshuaview,Morocco
C0961,Pamela,Miranda,michael86@barton-oneal.net,Port Marvin,Botswana
C0962,Alice,Hodge,wilsonlisa@jackson-green.com,Russellberg,Equatorial Guinea
C0963,Mark,Sparks,ymartin@vance.info,Port Tracy,Antigua and Barbuda
C0964,Kathryn,Garcia,shelby96@beasley-williams.net,Salazartown,Mongolia
C0965,Thomas,Moore,jamesgeorge@dunn.com,Petersenburgh,Kazakhstan
C0966,Cory,Russell,nicholas02@campbell-simpson.net,New Brittany,Swaziland
C0967,Kristen,Wright,taylorrobert@hotmail.com,Jessicaburgh,Saint Pierre and Miquelon
C0968,Hunter,Schultz,terry52@yahoo.com,Pierceville,United States Minor Outlying Islands
C0969,Kevin,Levine,newtonjeffrey@gonzalez.com,Stevenport,Bermuda
C0970,Joseph,Butler,thomaslittle@hobbs.info,Calvinland,Andorra
C0971,Cory,Leon,timothybecker@hotmail.com,Hallchester,Lebanon
C0972,Ryan,Stewart,martinezmichelle@carter.org,Kerrside,Indonesia
C0973,Gary,Mcpherson,amy61@yahoo.com,Lake Jacobport,San Marino
C0974,Amanda,Thomas,vmcdonald@murray.com,Stevenberg,Yemen
C0975,James,Watson,frysamantha@gmail.com,Port Laurashire,Libyan Arab Jamahiriya
C0976,Jody,Flynn,varmstrong@gutierrez-washington.net,Kingmouth,Colombia
C0977,David,Nielsen,delacruzbrian@lawson.com,Jamesfort,New Zealand
C0978,Amber,Gonzalez,nguyenedward@hotmail.com,Cynthiahaven,Somalia
C0979,Christina,Lewis,hicksdennis@wells.com,New Erin,Jamaica
C0980,Daniel,Pruitt,yhowell@knox.com,Washingtonville,Indonesia
C0981,Douglas,Long,foleycindy@hotmail.com,Jarvischester,Latvia
C0982,Paula,Duarte,melodylucas@garcia.net,South Steventon,Switzerland
C0983,Andrew,Hurst,khansen@gmail.com,Sherryborough,Cayman Islands
C0984,Timothy,Martinez,gpeterson@anderson.biz,Lake Staceychester,Venezuela
C0985,Linda,Hall,ljohnson@gmail.com,Port Billy,Malta
C0986,Sierra,Taylor,qbrown@yahoo.com,Parkerchester,Andorra
C0987,Michelle,Edwards,anthony92@sanchez.com,East Gerald,Thailand
C0988,Rebecca,Burton,rodney72@evans.org,New Jamesshire,Libyan Arab Jamahiriya
C0989,Andrew,Duke,michaelkirk@ray-nelson.info,Lorimouth,Madagascar
C0990,Brittany,Williams,johnsonteresa@jones-parks.com,Danielside,Turks and Caicos Islands
C0991,Pamela,Harrell,heidi58@hotmail.com,Byrdside,Comoros
C0992,Devon,Shaw,amandaacevedo@hotmail.com,Torresmouth,Western Sahara
C0993,Kevin,Waters,jeanduncan@yahoo.com,Autumnshire,Turkey
C0994,Heather,Cooper,justinwaller@aguirre-warren.info,South Jasonport,Finland
C0995,Carlos,Snyder,cowanstacey@jefferson-weaver.com,West Regina,Hong Kong
C0996,Michael,Ward,jamesrivera@stein.biz,Port Heatherborough,Christmas Island
C0997,Tyrone,Giles,daniel75@richards.biz,Melissashire,Nicaragua
C0998,Brenda,Trujillo,brewertimothy@briggs.com,West Shelly,Tokelau
C0999,Melissa,Andrews,wadkins@bolton-boyd.com,Kathrynville,Malaysia
C1000,Gregory,Adams,maria27@zimmerman-vaughn.com,Nicolestad,Anguilla
